Date of Final Decision,Submission Number,Device,Company,Panel (Lead),Primary Product Code,fda_url,clearance_type,device_class
06/17/2021,K203514,Precise Position,"Philips Healthcare (Suzhou) Co., Ltd.",Radiology,JAK,https://www.accessdata.fda.gov/scripts/cdrh/cfdocs/cfpmn/pmn.cfm?ID=K203514,Traditional,2
06/16/2021,K202718,Qmenta Care Platform Family,"Mint Labs, Inc., D/B/A. QMENTA",Radiology,LLZ,https://www.accessdata.fda.gov/scripts/cdrh/cfdocs/cfpmn/pmn.cfm?ID=K202718,Traditional,2
06/11/2021,K210484,"LINQ II Insertable Cardiac Monitor, Zelda AI ECG Classification System","Medtronic, Inc.",Cardiovascular,MXD,https://www.accessdata.fda.gov/scripts/cdrh/cfdocs/cfpmn/pmn.cfm?ID=K210484,Traditional,2
06/10/2021,K203629,IDx-DR,Digital Diagnostics Inc.,Ophthalmic,PIB,https://www.accessdata.fda.gov/scripts/cdrh/cfdocs/cfpmn/pmn.cfm?ID=K203629,Traditional,2
06/02/2021,DEN200069,Cognoa Asd Diagnosis Aid,"Cognoa, Inc.",Neurology,QPF,https://www.accessdata.fda.gov/scripts/cdrh/cfdocs/cfpmn/pmn.cfm?ID=DEN200069,Direct,2
05/19/2021,K210237,CINA CHEST,Avicenna.AI,Radiology,QAS,https://www.accessdata.fda.gov/scripts/cdrh/cfdocs/cfpmn/pmn.cfm?ID=K210237,Traditional,2
04/30/2021,K210001,HYPER AiR,"Shanghai United Imaging Healthcare Co.,Ltd.",Radiology,KPS,https://www.accessdata.fda.gov/scripts/cdrh/cfdocs/cfpmn/pmn.cfm?ID=K210001,Traditional,2
04/23/2021,K203314,Cartesion Prime (PCD-1000A/3) V10.8,Canon Medical Systems Corporation,Radiology,KPS,https://www.accessdata.fda.gov/scripts/cdrh/cfdocs/cfpmn/pmn.cfm?ID=K203314,Traditional,2
04/23/2021,K203502,MEDO-Thyroid,MEDO DX Pte. Ltd.,Radiology,QIH,https://www.accessdata.fda.gov/scripts/cdrh/cfdocs/cfpmn/pmn.cfm?ID=K203502,Traditional,2
04/21/2021,K210556,Preview Shoulder,Genesis Software Innovations,Radiology,QIH,https://www.accessdata.fda.gov/scripts/cdrh/cfdocs/cfpmn/pmn.cfm?ID=K210556,Traditional,2
04/20/2021,K203610,Automatic Anatomy Recognition (AAR),"Quantitative Radiology Solutions, LLC",Radiology,QKB,https://www.accessdata.fda.gov/scripts/cdrh/cfdocs/cfpmn/pmn.cfm?ID=K203610,Traditional,2
04/19/2021,K203469,AI Segmentation,Varian Medical Systems,Radiology,MUJ,https://www.accessdata.fda.gov/scripts/cdrh/cfdocs/cfpmn/pmn.cfm?ID=K203469,Traditional,2
04/16/2021,K203517,Saige-Q,"DeepHealth, Inc.",Radiology,QFM,https://www.accessdata.fda.gov/scripts/cdrh/cfdocs/cfpmn/pmn.cfm?ID=K203517,Traditional,2
04/14/2021,K202992,"BriefCase, RIB Fractures Triage (RibFx)","Aidoc Medical, Ltd.",Radiology,QFM,https://www.accessdata.fda.gov/scripts/cdrh/cfdocs/cfpmn/pmn.cfm?ID=K202992,Traditional,2
04/09/2021,DEN200055,GI Genius,"Cosmo Artificial Intelligence - AI, Ltd.",Gastroenterology-Urology,QNP,https://www.accessdata.fda.gov/scripts/cdrh/cfdocs/cfpmn/pmn.cfm?ID=DEN200055,Direct,2
04/02/2021,K202441,Eclipse II with Smart Noise Cancellation,"Carestream Health, Inc.",Radiology,MQB,https://www.accessdata.fda.gov/scripts/cdrh/cfdocs/cfpmn/pmn.cfm?ID=K202441,Traditional,2
04/01/2021,DEN200038,Gili Pro Biosensor (Also Known as Gili Biosensor System),Continuse Biometrics Ltd.,Cardiovascular,QOK,https://www.accessdata.fda.gov/scripts/cdrh/cfdocs/cfpmn/pmn.cfm?ID=DEN200038,Direct,2
03/31/2021,K203258,syngo.CT Lung CAD (Version VD20),Siemens Healthcare GmbH,Radiology,OEB,https://www.accessdata.fda.gov/scripts/cdrh/cfdocs/cfpmn/pmn.cfm?ID=K203258,Traditional,2
03/31/2021,K203443,"MAGNETOM Vida, MAGNETOM Sola, MAGNETOM Lumina, MAGNETOM Altea with syngo MR XA31A","Siemens Medical Solutions USA, Inc.",Radiology,LNH,https://www.accessdata.fda.gov/scripts/cdrh/cfdocs/cfpmn/pmn.cfm?ID=K203443,Traditional,2
03/31/2021,K210071,SIS System (Version 5.1.0),"Surgical Information Sciences, Inc.",Radiology,LLZ,https://www.accessdata.fda.gov/scripts/cdrh/cfdocs/cfpmn/pmn.cfm?ID=K210071,Traditional,2
03/26/2021,DEN200019,Oxehealth Vital Signs,Oxehealth Limited,Cardiovascular,QME,https://www.accessdata.fda.gov/scripts/cdrh/cfdocs/cfpmn/pmn.cfm?ID=DEN200019,Direct,2
03/24/2021,K203225,Aquilion ONE (TSX‐306A/3) V10.4 with Spectral Imaging System,Canon Medical Systems Corporation,Radiology,JAK,https://www.accessdata.fda.gov/scripts/cdrh/cfdocs/cfpmn/pmn.cfm?ID=K203225,Traditional,2
03/23/2021,K210209,Viz ICH,"Viz.Ai, Inc.",Radiology,QAS,https://www.accessdata.fda.gov/scripts/cdrh/cfdocs/cfpmn/pmn.cfm?ID=K210209,Traditional,2
03/19/2021,K203235,VBrain,Vysioneer Inc.,Radiology,QKB,https://www.accessdata.fda.gov/scripts/cdrh/cfdocs/cfpmn/pmn.cfm?ID=K203235,Traditional,2
03/09/2021,K203256,Imbio RV/LV Software,"Imbio, LLC",Radiology,QIH,https://www.accessdata.fda.gov/scripts/cdrh/cfdocs/cfpmn/pmn.cfm?ID=K203256,Traditional,2
03/05/2021,K202300,"Optellum Virtual Nodule Clinic, Optellum Software, Optellum Platform",Optellum Ltd,Radiology,POK,https://www.accessdata.fda.gov/scripts/cdrh/cfdocs/cfpmn/pmn.cfm?ID=K202300,Traditional,2
03/01/2021,DEN200022,Analytic for Hemodynamic Instability (AHI),Fifth Eye Inc.,Cardiovascular,QNV,https://www.accessdata.fda.gov/scripts/cdrh/cfdocs/cfpmn/pmn.cfm?ID=DEN200022,Direct,2
02/25/2021,K202990,NinesMeasure,"Nines, Inc.",Radiology,LLZ,https://www.accessdata.fda.gov/scripts/cdrh/cfdocs/cfpmn/pmn.cfm?ID=K202990,Traditional,2
02/25/2021,K203578,"OTIS 2.1 Optical Coherence Tomography System, THiA Optical Coherence Tomography System","Perimeter Medical Imaging AI, Inc.",General And Plastic Surgery,NQQ,https://www.accessdata.fda.gov/scripts/cdrh/cfdocs/cfpmn/pmn.cfm?ID=K203578,Special,2
02/19/2021,K202212,Truplan,Circle Cardiovascular Imaging Inc.,Radiology,LLZ,https://www.accessdata.fda.gov/scripts/cdrh/cfdocs/cfpmn/pmn.cfm?ID=K202212,Traditional,2
02/09/2021,K203103,"Synapse 3D, Synapse 3D Base Tools v6.1",Fujifilm Corporation,Radiology,LLZ,https://www.accessdata.fda.gov/scripts/cdrh/cfdocs/cfpmn/pmn.cfm?ID=K203103,Traditional,2
02/05/2021,K210053,LVivo Software Application,DiA Imaging Analysis Ltd.,Radiology,QIH,https://www.accessdata.fda.gov/scripts/cdrh/cfdocs/cfpmn/pmn.cfm?ID=K210053,Special,2
01/29/2021,K201411,Visage Breast Density,Visage Imaging GmbH,Radiology,QIH,https://www.accessdata.fda.gov/scripts/cdrh/cfdocs/cfpmn/pmn.cfm?ID=K201411,Traditional,2
01/15/2021,K193271,UAI Easytriage-Rib,"Shanghai United Imaging Intelligence Co., Ltd.",Radiology,QFM,https://www.accessdata.fda.gov/scripts/cdrh/cfdocs/cfpmn/pmn.cfm?ID=K193271,Traditional,2
01/14/2021,K202700,ART-Plan,TheraPanacea,Radiology,QKB,https://www.accessdata.fda.gov/scripts/cdrh/cfdocs/cfpmn/pmn.cfm?ID=K202700,Traditional,2
01/12/2021,K201836,Aquilion Lightning (TSX-036A/7) V10.2 With AiCE-I,Canon Medical Systems Corporation,Radiology,JAK,https://www.accessdata.fda.gov/scripts/cdrh/cfdocs/cfpmn/pmn.cfm?ID=K201836,Traditional,2
01/09/2021,K200717,CLEWICU System (ClewICUserver and ClewICUnitor),Clew Medical Ltd.,Cardiovascular,QNL,https://www.accessdata.fda.gov/scripts/cdrh/cfdocs/cfpmn/pmn.cfm?ID=K200717,Traditional,2
01/07/2021,K202414,BrainInsight,"Hyperfine Research, Inc.",Radiology,LLZ,https://www.accessdata.fda.gov/scripts/cdrh/cfdocs/cfpmn/pmn.cfm?ID=K202414,Traditional,2
12/29/2020,K203508,BriefCase,"Aidoc Medical, Ltd.",Radiology,QAS,https://www.accessdata.fda.gov/scripts/cdrh/cfdocs/cfpmn/pmn.cfm?ID=K203508,Special,2
12/22/2020,K202229,AI Metrics,"AI Metrics, LLC",Radiology,LLZ,https://www.accessdata.fda.gov/scripts/cdrh/cfdocs/cfpmn/pmn.cfm?ID=K202229,Traditional,2
12/18/2020,K201555,EchoGo Pro,Ultromics Ltd.,Radiology,POK,https://www.accessdata.fda.gov/scripts/cdrh/cfdocs/cfpmn/pmn.cfm?ID=K201555,Traditional,2
12/10/2020,K201745,Deep Learning Image Reconstruction For Gemstone Spectral Imaging,"GE Medical Systems, LLC",Radiology,JAK,https://www.accessdata.fda.gov/scripts/cdrh/cfdocs/cfpmn/pmn.cfm?ID=K201745,Traditional,2
12/10/2020,K203042,Aquilion Exceed LB (TSX-202A/3) V10.6 With AiCE-I,Canon Medical Systems Corporation,Radiology,JAK,https://www.accessdata.fda.gov/scripts/cdrh/cfdocs/cfpmn/pmn.cfm?ID=K203042,Traditional,2
12/07/2020,K201039,HepaFat-AI,Resonance Health Analysis Services Pty Ltd.,Radiology,LNH,https://www.accessdata.fda.gov/scripts/cdrh/cfdocs/cfpmn/pmn.cfm?ID=K201039,Traditional,2
12/04/2020,K202487,HealthJOINT,Zebra Medical Vision Ltd.,Radiology,LLZ,https://www.accessdata.fda.gov/scripts/cdrh/cfdocs/cfpmn/pmn.cfm?ID=K202487,Traditional,2
11/20/2020,K200873,HALO,NICo-Lab B.V.,Radiology,QAS,https://www.accessdata.fda.gov/scripts/cdrh/cfdocs/cfpmn/pmn.cfm?ID=K200873,Traditional,2
11/20/2020,K203169,Revolution Ascend,GE Healthcare Japan Corporation,Radiology,JAK,https://www.accessdata.fda.gov/scripts/cdrh/cfdocs/cfpmn/pmn.cfm?ID=K203169,Special,2
11/18/2020,K201019,Genius AI Detection,"Hologic, Inc.",Radiology,QDQ,https://www.accessdata.fda.gov/scripts/cdrh/cfdocs/cfpmn/pmn.cfm?ID=K201019,Traditional,2
11/17/2020,K193306,PROView,GE Medical Systems SCS,Radiology,LLZ,https://www.accessdata.fda.gov/scripts/cdrh/cfdocs/cfpmn/pmn.cfm?ID=K193306,Traditional,2
11/12/2020,K193289,"FastStroke, CT Perfusion 4D",GE Medical Systems SCS,Radiology,JAK,https://www.accessdata.fda.gov/scripts/cdrh/cfdocs/cfpmn/pmn.cfm?ID=K193289,Traditional,2
11/06/2020,K193562,AI-Rad Companion Organs RT,"Siemens Medical Solutions USA, Inc.",Radiology,QKB,https://www.accessdata.fda.gov/scripts/cdrh/cfdocs/cfpmn/pmn.cfm?ID=K193562,Traditional,2
11/06/2020,K200750,Neuro.Al Algorithm,"TeraRecon, Inc.",Radiology,LLZ,https://www.accessdata.fda.gov/scripts/cdrh/cfdocs/cfpmn/pmn.cfm?ID=K200750,Special,2
10/30/2020,K200323,Autocontour,"Radformation, Inc.",Radiology,QKB,https://www.accessdata.fda.gov/scripts/cdrh/cfdocs/cfpmn/pmn.cfm?ID=K200323,Traditional,2
10/30/2020,K202013,WRDensity by Whiterabbit.ai,Whiterabbit.ai Inc.,Radiology,QIH,https://www.accessdata.fda.gov/scripts/cdrh/cfdocs/cfpmn/pmn.cfm?ID=K202013,Traditional,2
10/28/2020,K202089,"Lenshooke X1 Pro Semen Quality Analyzer, Lenshooke X1 Pro Se Semen Quality Analyzer","Bonraybio Co., Ltd.",Hematology,POV,https://www.accessdata.fda.gov/scripts/cdrh/cfdocs/cfpmn/pmn.cfm?ID=K202089,Special,2
10/16/2020,K200595,"CellaVision DC-1, CellaVision DC-1 PPA",CellaVision AB,Hematology,JOY,https://www.accessdata.fda.gov/scripts/cdrh/cfdocs/cfpmn/pmn.cfm?ID=K200595,Traditional,2
10/16/2020,K201710,A View LCS,"Coreline Soft Co., Ltd.",Radiology,LLZ,https://www.accessdata.fda.gov/scripts/cdrh/cfdocs/cfpmn/pmn.cfm?ID=K201710,Traditional,2
10/11/2020,K202501,Quantib Prostate,Quantib BV,Radiology,LLZ,https://www.accessdata.fda.gov/scripts/cdrh/cfdocs/cfpmn/pmn.cfm?ID=K202501,Traditional,2
10/09/2020,K193631,"Stethee Pro 1, Stethee Pro Software System",M3DICINE Pty Ltd.,Cardiovascular,DQD,https://www.accessdata.fda.gov/scripts/cdrh/cfdocs/cfpmn/pmn.cfm?ID=K193631,Traditional,2
10/02/2020,K201301,X100 With Full Field Peripheral Blood Smear (Pbs) Application,Scopio Labs Ltd.,Hematology,JOY,https://www.accessdata.fda.gov/scripts/cdrh/cfdocs/cfpmn/pmn.cfm?ID=K201301,Traditional,2
10/02/2020,K202280,Cleerly Labs V2.0,"Cleerly, Inc.",Radiology,LLZ,https://www.accessdata.fda.gov/scripts/cdrh/cfdocs/cfpmn/pmn.cfm?ID=K202280,Traditional,2
09/30/2020,K192051,THINQ,CorticoMetrics LLC,Radiology,LLZ,https://www.accessdata.fda.gov/scripts/cdrh/cfdocs/cfpmn/pmn.cfm?ID=K192051,Traditional,2
09/25/2020,K201103,Xeleris V Processing And Review Systems,GE Healthcare,Radiology,LLZ,https://www.accessdata.fda.gov/scripts/cdrh/cfdocs/cfpmn/pmn.cfm?ID=K201103,Traditional,2
09/24/2020,K200569,Raystation,Raysearch Laboratories Ab (Publ),Radiology,MUJ,https://www.accessdata.fda.gov/scripts/cdrh/cfdocs/cfpmn/pmn.cfm?ID=K200569,Traditional,2
09/18/2020,K200852,"EchoPAC Software Only, EchoPAC Plug-In","GE Medical Systems Ultrasound and Primary Care Diagnostics, LLC",Radiology,LLZ,https://www.accessdata.fda.gov/scripts/cdrh/cfdocs/cfpmn/pmn.cfm?ID=K200852,Traditional,2
09/18/2020,K201992,Caption Guidance,Caption Health,Radiology,QJU,https://www.accessdata.fda.gov/scripts/cdrh/cfdocs/cfpmn/pmn.cfm?ID=K201992,Traditional,2
09/16/2020,K201298,VX1,Volta Medical,Cardiovascular,DQK,https://www.accessdata.fda.gov/scripts/cdrh/cfdocs/cfpmn/pmn.cfm?ID=K201298,Traditional,2
09/16/2020,K201369,AVA (Augmented Vascular Analysis),See-Mode Technologies Pte. Ltd.,Radiology,LLZ,https://www.accessdata.fda.gov/scripts/cdrh/cfdocs/cfpmn/pmn.cfm?ID=K201369,Traditional,2
09/15/2020,K192665,"Accelerate Pheno System, Accelerate Phenotest Bc Kit","Accelerate Diagnostics, Inc.",Microbiology,PRH,https://www.accessdata.fda.gov/scripts/cdrh/cfdocs/cfpmn/pmn.cfm?ID=K192665,Traditional,2
09/09/2020,K200708,Vivid iq,"GE Medical Systems Ultrasound and Primary Care Diagnostics, LLC",Radiology,IYN,https://www.accessdata.fda.gov/scripts/cdrh/cfdocs/cfpmn/pmn.cfm?ID=K200708,Traditional,2
09/09/2020,K200851,"Vivid T8, Vivid T9","GE Medical Systems Ultrasound and Primary Care Diagnostics, LLC",Radiology,IYN,https://www.accessdata.fda.gov/scripts/cdrh/cfdocs/cfpmn/pmn.cfm?ID=K200851,Traditional,2
09/02/2020,K200833,RX-1 Rhythm Express Remote Cardiac Monitoring System,VivaQuant Inc.,Cardiovascular,MLO,https://www.accessdata.fda.gov/scripts/cdrh/cfdocs/cfpmn/pmn.cfm?ID=K200833,Traditional,2
08/26/2020,K200714,AVIEW,"Coreline Soft Co., Ltd.",Radiology,LLZ,https://www.accessdata.fda.gov/scripts/cdrh/cfdocs/cfpmn/pmn.cfm?ID=K200714,Traditional,2
08/26/2020,K201020,BriefCase,"Aidoc Medical, Ltd.",Radiology,QAS,https://www.accessdata.fda.gov/scripts/cdrh/cfdocs/cfpmn/pmn.cfm?ID=K201020,Traditional,2
08/14/2020,K201632,Tomtec-Arena,Tomtec Imaging Systems Gmbh,Radiology,LLZ,https://www.accessdata.fda.gov/scripts/cdrh/cfdocs/cfpmn/pmn.cfm?ID=K201632,Traditional,2
08/13/2020,K201232,Limbus Contour,Limbus Ai Inc.,Radiology,LLZ,https://www.accessdata.fda.gov/scripts/cdrh/cfdocs/cfpmn/pmn.cfm?ID=K201232,Traditional,2
08/13/2020,K201444,syngo.via RT Image Suite,"Siemens Medical Solutions USA, Inc.",Radiology,MUJ,https://www.accessdata.fda.gov/scripts/cdrh/cfdocs/cfpmn/pmn.cfm?ID=K201444,Traditional,2
08/07/2020,K200990,Vida|Vision,Vida Diagnostics Inc.,Radiology,JAK,https://www.accessdata.fda.gov/scripts/cdrh/cfdocs/cfpmn/pmn.cfm?ID=K200990,Traditional,2
08/07/2020,K201310,Accipiolx,MaxQ Al Ltd.,Radiology,QAS,https://www.accessdata.fda.gov/scripts/cdrh/cfdocs/cfpmn/pmn.cfm?ID=K201310,Traditional,2
08/04/2020,K193210,HYPER DLR,"Shanghai United Imaging Healthcare Co., Ltd.",Radiology,KPS,https://www.accessdata.fda.gov/scripts/cdrh/cfdocs/cfpmn/pmn.cfm?ID=K193210,Traditional,2
08/03/2020,K200667,EyeArt,"Eyenuk, Inc",Ophthalmic,PIB,https://www.accessdata.fda.gov/scripts/cdrh/cfdocs/cfpmn/pmn.cfm?ID=K200667,Traditional,2
07/30/2020,K193283,AI-Rad Companion Prostate MR,Siemens Medical Solutions USA Inc,Radiology,QIH,https://www.accessdata.fda.gov/scripts/cdrh/cfdocs/cfpmn/pmn.cfm?ID=K193283,Traditional,2
07/30/2020,K193417,FractureDetect (FX),"Imagen Technologies, Inc.",Radiology,QBS,https://www.accessdata.fda.gov/scripts/cdrh/cfdocs/cfpmn/pmn.cfm?ID=K193417,Traditional,2
07/23/2020,K200743,Vivid E80/ Vivid E90/ Vivid E95,"GE Medical Systems Ultrasound and Primary Care Diagnostics, LLC",Radiology,IYN,https://www.accessdata.fda.gov/scripts/cdrh/cfdocs/cfpmn/pmn.cfm?ID=K200743,Traditional,2
07/22/2020,K200621,Caption Interpretation Automated Ejection Fraction Software,Caption Health,Radiology,QIH,https://www.accessdata.fda.gov/scripts/cdrh/cfdocs/cfpmn/pmn.cfm?ID=K200621,Traditional,2
07/16/2020,K200497,"Vivid S60N, Vivid S70N","GE Medical Systems Ultrasound and Primary Care Diagnostics, LLC",Radiology,IYN,https://www.accessdata.fda.gov/scripts/cdrh/cfdocs/cfpmn/pmn.cfm?ID=K200497,Traditional,2
07/16/2020,K200905,HealthMammo,Zebra Medical Vision Ltd.,Radiology,QFM,https://www.accessdata.fda.gov/scripts/cdrh/cfdocs/cfpmn/pmn.cfm?ID=K200905,Traditional,2
07/14/2020,K193097,"Vantage Orian 1.5T, MRT-1550, V6.0 With AiCE Reconstruction Processing Unit For MR",Canon Medical Systems Corporation,Radiology,LNH,https://www.accessdata.fda.gov/scripts/cdrh/cfdocs/cfpmn/pmn.cfm?ID=K193097,Traditional,2
07/10/2020,K192969,Ezra Plexo Software,Ezra AI Inc.,Radiology,QIH,https://www.accessdata.fda.gov/scripts/cdrh/cfdocs/cfpmn/pmn.cfm?ID=K192969,Traditional,2
07/10/2020,K193294,AI-Rad Companion Engine,"Siemens Medical Solutions USA, Inc.",Radiology,LLZ,https://www.accessdata.fda.gov/scripts/cdrh/cfdocs/cfpmn/pmn.cfm?ID=K193294,Traditional,2
07/06/2020,K193073,Deep Recon,"Shanghai United Imaging Healthcare Co., Ltd.",Radiology,JAK,https://www.accessdata.fda.gov/scripts/cdrh/cfdocs/cfpmn/pmn.cfm?ID=K193073,Traditional,2
07/02/2020,K192880,InferRead Lung CT.AI,"Beijing Infervision Technology Co.,Ltd.",Radiology,OEB,https://www.accessdata.fda.gov/scripts/cdrh/cfdocs/cfpmn/pmn.cfm?ID=K192880,Traditional,2
07/02/2020,K193252,Contour ProtégéAI,"MIM Software, Inc.",Radiology,QKB,https://www.accessdata.fda.gov/scripts/cdrh/cfdocs/cfpmn/pmn.cfm?ID=K193252,Traditional,2
06/26/2020,K200760,Rapid ASPECTS,ISchemaView Inc.,Radiology,POK,https://www.accessdata.fda.gov/scripts/cdrh/cfdocs/cfpmn/pmn.cfm?ID=K200760,Traditional,2
06/24/2020,K200855,CINA,AVICENNA.AI,Radiology,QAS,https://www.accessdata.fda.gov/scripts/cdrh/cfdocs/cfpmn/pmn.cfm?ID=K200855,Traditional,2
06/23/2020,K200232,LVivo Software Application,DiA Imaging Analysis Ltd,Radiology,QIH,https://www.accessdata.fda.gov/scripts/cdrh/cfdocs/cfpmn/pmn.cfm?ID=K200232,Traditional,2
06/19/2020,K193298,BriefCase,"Aidoc Medical, Ltd.",Radiology,QAS,https://www.accessdata.fda.gov/scripts/cdrh/cfdocs/cfpmn/pmn.cfm?ID=K193298,Traditional,2
06/17/2020,K193290,AI-Rad Companion Brain MR,"Siemens Medical Solutions USA, Inc.",Radiology,LLZ,https://www.accessdata.fda.gov/scripts/cdrh/cfdocs/cfpmn/pmn.cfm?ID=K193290,Traditional,2
06/17/2020,K200921,QER,Qure.Ai Technologies,Radiology,QAS,https://www.accessdata.fda.gov/scripts/cdrh/cfdocs/cfpmn/pmn.cfm?ID=K200921,Traditional,2
06/11/2020,K200356,MEDO ARIA,MEDO.ai,Radiology,QIH,https://www.accessdata.fda.gov/scripts/cdrh/cfdocs/cfpmn/pmn.cfm?ID=K200356,Traditional,2
06/11/2020,K200980,Auto 3D Bladder Volume Tool,"Butterfly Network, Inc.",Radiology,IYO,https://www.accessdata.fda.gov/scripts/cdrh/cfdocs/cfpmn/pmn.cfm?ID=K200980,Traditional,2
05/12/2020,K192901,HealthVCF,Zebra Medical Vision Ltd.,Radiology,QFM,https://www.accessdata.fda.gov/scripts/cdrh/cfdocs/cfpmn/pmn.cfm?ID=K192901,Traditional,2
05/05/2020,K193176,uMR 780,"Shanghai United Imaging Healthcare Co., Ltd.",Radiology,LNH,https://www.accessdata.fda.gov/scripts/cdrh/cfdocs/cfpmn/pmn.cfm?ID=K193176,Traditional,2
05/05/2020,K193220,AVIEW LCS,"Coreline Soft Co., Ltd",Radiology,LLZ,https://www.accessdata.fda.gov/scripts/cdrh/cfdocs/cfpmn/pmn.cfm?ID=K193220,Traditional,2
04/21/2020,K193351,NinesAI,"Nines, Inc.",Radiology,QAS,https://www.accessdata.fda.gov/scripts/cdrh/cfdocs/cfpmn/pmn.cfm?ID=K193351,Traditional,2
04/16/2020,K200755,Caption Guidance,"Caption Health, Inc.",Radiology,QJU,https://www.accessdata.fda.gov/scripts/cdrh/cfdocs/cfpmn/pmn.cfm?ID=K200755,Traditional,2
04/13/2020,K192167,CuraRad-ICH,CuraCloud Corp.,Radiology,QAS,https://www.accessdata.fda.gov/scripts/cdrh/cfdocs/cfpmn/pmn.cfm?ID=K192167,Traditional,2
04/10/2020,K193282,Signa Premier,"GE Healthcare (GE Medical Systems, LLC)",Radiology,LNH,https://www.accessdata.fda.gov/scripts/cdrh/cfdocs/cfpmn/pmn.cfm?ID=K193282,Traditional,2
04/08/2020,K193300,AIMI-Triage CXR PTX,"RADLogics, Inc.",Radiology,QFM,https://www.accessdata.fda.gov/scripts/cdrh/cfdocs/cfpmn/pmn.cfm?ID=K193300,Traditional,2
03/31/2020,K193087,Rapid ICH,ISchemaView Incorporated,Radiology,QAS,https://www.accessdata.fda.gov/scripts/cdrh/cfdocs/cfpmn/pmn.cfm?ID=K193087,Traditional,2
03/26/2020,K192732,Bodyguardian Remote Monitoring System,"Preventice Technologies, Inc.",Cardiovascular,DSI,https://www.accessdata.fda.gov/scripts/cdrh/cfdocs/cfpmn/pmn.cfm?ID=K192732,Traditional,2
03/26/2020,K193518,KOSMOS,"EchoNous, Inc.",Radiology,IYN,https://www.accessdata.fda.gov/scripts/cdrh/cfdocs/cfpmn/pmn.cfm?ID=K193518,Traditional,2
03/25/2020,K192437,Arterys MICA,Arterys Inc.,Radiology,QIH,https://www.accessdata.fda.gov/scripts/cdrh/cfdocs/cfpmn/pmn.cfm?ID=K192437,Traditional,2
03/25/2020,K192854,MammoScreen,Therapixel,Radiology,QDQ,https://www.accessdata.fda.gov/scripts/cdrh/cfdocs/cfpmn/pmn.cfm?ID=K192854,Traditional,2
03/20/2020,K193281,Hepatic VCAR,GE Medical Systems SCS,Radiology,JAK,https://www.accessdata.fda.gov/scripts/cdrh/cfdocs/cfpmn/pmn.cfm?ID=K193281,Traditional,2
03/20/2020,K200036,AI-ECG Tracker,"Shenzhen Carewell Electronics Co., Ltd.",Cardiovascular,DPS,https://www.accessdata.fda.gov/scripts/cdrh/cfdocs/cfpmn/pmn.cfm?ID=K200036,Traditional,2
03/18/2020,K193658,Viz ICH,"Viz.Ai, Inc.",Radiology,QAS,https://www.accessdata.fda.gov/scripts/cdrh/cfdocs/cfpmn/pmn.cfm?ID=K193658,Traditional,2
03/16/2020,K193267,Al-Rad Companion (Musculoskeletal),"Siemens Medical Solutions USA, Inc.",Radiology,JAK,https://www.accessdata.fda.gov/scripts/cdrh/cfdocs/cfpmn/pmn.cfm?ID=K193267,Traditional,2
03/12/2020,K192388,SonoVision Ultrasound Imaging System,"Tissue Differentiation Intelligence, LLC",Radiology,IYN,https://www.accessdata.fda.gov/scripts/cdrh/cfdocs/cfpmn/pmn.cfm?ID=K192388,Abbreviated,2
03/09/2020,K192574,"Vantage Galan 3T, MRT-3020, V6.0 With AiCE Reconstruction Processing Unit For MR",Canon Medical Systems Corporation,Radiology,LNH,https://www.accessdata.fda.gov/scripts/cdrh/cfdocs/cfpmn/pmn.cfm?ID=K192574,Traditional,2
03/09/2020,K193216,Syngo.CT Lung CAD,"Siemens Medical Solutions, Inc",Radiology,OEB,https://www.accessdata.fda.gov/scripts/cdrh/cfdocs/cfpmn/pmn.cfm?ID=K193216,Traditional,2
03/05/2020,K193229,Transpara,Screenpoint Medical B.V.,Radiology,QDQ,https://www.accessdata.fda.gov/scripts/cdrh/cfdocs/cfpmn/pmn.cfm?ID=K193229,Traditional,2
03/04/2020,K191550,Broncholab,Fluidda Inc.,Radiology,JAK,https://www.accessdata.fda.gov/scripts/cdrh/cfdocs/cfpmn/pmn.cfm?ID=K191550,Traditional,2
02/28/2020,K191556,Red Dot,Behold.AI Technologies Limited,Radiology,QFM,https://www.accessdata.fda.gov/scripts/cdrh/cfdocs/cfpmn/pmn.cfm?ID=K191556,Traditional,2
02/28/2020,K191928,AccuContour,Xiamen Manteia Technology Ltd.,Radiology,QKB,https://www.accessdata.fda.gov/scripts/cdrh/cfdocs/cfpmn/pmn.cfm?ID=K191928,Traditional,2
02/28/2020,K192962,icobrain-ctp,icometrix NV,Radiology,LLZ,https://www.accessdata.fda.gov/scripts/cdrh/cfdocs/cfpmn/pmn.cfm?ID=K192962,Traditional,2
02/21/2020,K192832,Aquilion Prime SP (TSX-303B8) V10.2 with AiCE-I,Canon Medical Systems Corporation,Radiology,JAK,https://www.accessdata.fda.gov/scripts/cdrh/cfdocs/cfpmn/pmn.cfm?ID=K192832,Traditional,2
02/19/2020,K192973,Densitas Densityai,"Densitas, Inc.",Radiology,LLZ,https://www.accessdata.fda.gov/scripts/cdrh/cfdocs/cfpmn/pmn.cfm?ID=K192973,Special,2
02/14/2020,K193248,"Biograph Vision, Biograph MCT Family Of PET/CTs","Siemens Medical Solutions USA, Inc.",Radiology,KPS,https://www.accessdata.fda.gov/scripts/cdrh/cfdocs/cfpmn/pmn.cfm?ID=K193248,Traditional,2
02/13/2020,K192828,Aquilion ONE (TSX-306A/3) V10.0 With Spectral Imaging System,Canon Medical Systems Corporation,Radiology,JAK,https://www.accessdata.fda.gov/scripts/cdrh/cfdocs/cfpmn/pmn.cfm?ID=K192828,Traditional,2
02/12/2020,K193178,Biograph Horizon PET/CT,"Siemens Medical Solution USA, Inc.",Radiology,KPS,https://www.accessdata.fda.gov/scripts/cdrh/cfdocs/cfpmn/pmn.cfm?ID=K193178,Traditional,2
02/10/2020,K192377,"Ethos Treatment Management, Ethos Treatment Planning, Ethos Radiotherapy System, Halcyon","Varian Medical Systems, Inc.",Radiology,IYE,https://www.accessdata.fda.gov/scripts/cdrh/cfdocs/cfpmn/pmn.cfm?ID=K192377,Traditional,2
02/07/2020,DEN190040,Caption Guidance,"Bay Labs, Inc.",Radiology,QJU,https://www.accessdata.fda.gov/scripts/cdrh/cfdocs/cfpmn/pmn.cfm?ID=DEN190040,Direct,2
01/24/2020,K193109,MRCAT Brain,Philips Medical Systems MR Finland,Radiology,MUJ,https://www.accessdata.fda.gov/scripts/cdrh/cfdocs/cfpmn/pmn.cfm?ID=K193109,Traditional,2
01/16/2020,K192956,Auto Positioning,"GE Hangwei Medical Systems, Co., Ltd.",Radiology,JAK,https://www.accessdata.fda.gov/scripts/cdrh/cfdocs/cfpmn/pmn.cfm?ID=K192956,Traditional,2
01/15/2020,K191125,ADAS 3D,Galgo Medical S.L,Radiology,LLZ,https://www.accessdata.fda.gov/scripts/cdrh/cfdocs/cfpmn/pmn.cfm?ID=K191125,Traditional,2
01/15/2020,K192004,Eko Analysis Software,Eko Devices Inc,Cardiovascular,MWI,https://www.accessdata.fda.gov/scripts/cdrh/cfdocs/cfpmn/pmn.cfm?ID=K192004,Traditional,2
01/02/2020,K183089,Air Next,NuvoAir AB,Anesthesiology,BZG,https://www.accessdata.fda.gov/scripts/cdrh/cfdocs/cfpmn/pmn.cfm?ID=K183089,Traditional,2
12/20/2019,K191647,Qlab Advanced Quantification Software,Philips Healthcare,Radiology,QIH,https://www.accessdata.fda.gov/scripts/cdrh/cfdocs/cfpmn/pmn.cfm?ID=K191647,Traditional,2
12/20/2019,K192383,BriefCase,"Aidoc Medical, Ltd.",Radiology,QAS,https://www.accessdata.fda.gov/scripts/cdrh/cfdocs/cfpmn/pmn.cfm?ID=K192383,Traditional,2
12/17/2019,K192763,Syngo.CT CaScoring,"Siemens Medical Solutions USA, Inc.",Radiology,JAK,https://www.accessdata.fda.gov/scripts/cdrh/cfdocs/cfpmn/pmn.cfm?ID=K192763,Traditional,2
12/13/2019,K192531,QyScore Software,Qynapse,Radiology,LLZ,https://www.accessdata.fda.gov/scripts/cdrh/cfdocs/cfpmn/pmn.cfm?ID=K192531,Traditional,2
12/13/2019,K193170,Deep Learning Image Reconstruction,GE Healthcare Japan Corporation,Radiology,JAK,https://www.accessdata.fda.gov/scripts/cdrh/cfdocs/cfpmn/pmn.cfm?ID=K193170,Special,2
12/11/2019,K192571,NemoScan,Software Nemotec S.L.,Radiology,LLZ,https://www.accessdata.fda.gov/scripts/cdrh/cfdocs/cfpmn/pmn.cfm?ID=K192571,Traditional,2
12/10/2019,K192287,Transpara,Screenpoint Medical B.V.,Radiology,QDQ,https://www.accessdata.fda.gov/scripts/cdrh/cfdocs/cfpmn/pmn.cfm?ID=K192287,Traditional,2
12/09/2019,K192442,FFRangio,CathWorks Ltd,Cardiovascular,QEK,https://www.accessdata.fda.gov/scripts/cdrh/cfdocs/cfpmn/pmn.cfm?ID=K192442,Special,2
12/07/2019,K192279,PhantomMSK Trauma,OrthoGrid Systems Inc.,Radiology,LLZ,https://www.accessdata.fda.gov/scripts/cdrh/cfdocs/cfpmn/pmn.cfm?ID=K192279,Traditional,2
11/27/2019,K192945,7D Surgical System Cranial Biopsy and Ventricular Catheter Placement Application,7D Surgical Inc.,Neurology,HAW,https://www.accessdata.fda.gov/scripts/cdrh/cfdocs/cfpmn/pmn.cfm?ID=K192945,Special,2
11/26/2019,K192320,HealthCXR,Zebra Medical Vision Ltd.,Radiology,QFM,https://www.accessdata.fda.gov/scripts/cdrh/cfdocs/cfpmn/pmn.cfm?ID=K192320,Traditional,2
11/25/2019,K190529,SOZO,ImpediMed Limited,Gastroenterology-Urology,QJB,https://www.accessdata.fda.gov/scripts/cdrh/cfdocs/cfpmn/pmn.cfm?ID=K190529,Traditional,2
11/19/2019,K191278,RSI-MRI+,Multimodal Imaging Services Corporation (Dba HealthLytix),Radiology,LLZ,https://www.accessdata.fda.gov/scripts/cdrh/cfdocs/cfpmn/pmn.cfm?ID=K191278,Traditional,2
11/13/2019,K191171,EchoGo Core,Ultromics Ltd.,Radiology,QIH,https://www.accessdata.fda.gov/scripts/cdrh/cfdocs/cfpmn/pmn.cfm?ID=K191171,Traditional,2
11/07/2019,K191026,MEDIP PRO,"MEDICAL IP Co., Ltd.",Radiology,LLZ,https://www.accessdata.fda.gov/scripts/cdrh/cfdocs/cfpmn/pmn.cfm?ID=K191026,Traditional,2
11/05/2019,K190868,Cleerly Labs,Cleerly Inc,Radiology,LLZ,https://www.accessdata.fda.gov/scripts/cdrh/cfdocs/cfpmn/pmn.cfm?ID=K190868,Traditional,2
11/05/2019,K192109,Koala,IB Lab Gmbh,Radiology,LLZ,https://www.accessdata.fda.gov/scripts/cdrh/cfdocs/cfpmn/pmn.cfm?ID=K192109,Traditional,2
11/04/2019,K190013,WellDoc BlueStar,"WellDoc, Inc",General Hospital,MRZ,https://www.accessdata.fda.gov/scripts/cdrh/cfdocs/cfpmn/pmn.cfm?ID=K190013,Traditional,2
11/01/2019,K190334,MIMOSA Imager,MIMOSA Diagnostics Inc.,General And Plastic Surgery,MUD,https://www.accessdata.fda.gov/scripts/cdrh/cfdocs/cfpmn/pmn.cfm?ID=K190334,Traditional,2
11/01/2019,K190898,Sight OLO,Sight Diagnostics Ltd.,Hematology,GKZ,https://www.accessdata.fda.gov/scripts/cdrh/cfdocs/cfpmn/pmn.cfm?ID=K190898,Traditional,2
10/18/2019,K183274,"RTHawk, HeartVista Cardiac Package","HeartVista, Inc.",Radiology,LNH,https://www.accessdata.fda.gov/scripts/cdrh/cfdocs/cfpmn/pmn.cfm?ID=K183274,Traditional,2
10/17/2019,K192455,Merge PACS,Merge Healthcare Incorporated,Radiology,LLZ,https://www.accessdata.fda.gov/scripts/cdrh/cfdocs/cfpmn/pmn.cfm?ID=K192455,Traditional,2
10/16/2019,K191493,Ventripoint Medical System Plus (VMS+) 3.0,Ventripoint Diagnostics Ltd.,Radiology,LLZ,https://www.accessdata.fda.gov/scripts/cdrh/cfdocs/cfpmn/pmn.cfm?ID=K191493,Traditional,2
10/04/2019,K191713,CS-Series-FP Radiographic / Fluoroscopic Systems With Optional CA-100S / FluoroShield¿ (ROI Assembly),"Omega Medical Imaging, LLC",Radiology,JAA,https://www.accessdata.fda.gov/scripts/cdrh/cfdocs/cfpmn/pmn.cfm?ID=K191713,Traditional,2
10/04/2019,K191994,ProFound AI Software V2.1,ICAD Inc.,Radiology,QDQ,https://www.accessdata.fda.gov/scripts/cdrh/cfdocs/cfpmn/pmn.cfm?ID=K191994,Traditional,2
09/18/2019,K192065,Syngo.Via RT Image Suite,"Siemens Medical Solutions USA, Inc.",Radiology,MUJ,https://www.accessdata.fda.gov/scripts/cdrh/cfdocs/cfpmn/pmn.cfm?ID=K192065,Traditional,2
09/16/2019,K191688,SubtleMR,Subtle Medical Inc.,Radiology,LLZ,https://www.accessdata.fda.gov/scripts/cdrh/cfdocs/cfpmn/pmn.cfm?ID=K191688,Traditional,2
09/13/2019,K192304,SIS Software Version 3.6.0,"Surgical Information Sciences, Inc.",Radiology,LLZ,https://www.accessdata.fda.gov/scripts/cdrh/cfdocs/cfpmn/pmn.cfm?ID=K192304,Special,2
09/11/2019,K183370,PeraMobile and PeraWatch,"PeraHealth, Inc.",Cardiovascular,MWI,https://www.accessdata.fda.gov/scripts/cdrh/cfdocs/cfpmn/pmn.cfm?ID=K183370,Traditional,2
09/11/2019,K190815,Brainscope TBI,"BrainScope Company, Inc.",Neurology,PIW,https://www.accessdata.fda.gov/scripts/cdrh/cfdocs/cfpmn/pmn.cfm?ID=K190815,Traditional,2
09/10/2019,K183268,AI-Rad Companion (Cardiovascular),"Siemens Medical Solutions USA, Inc.",Radiology,JAK,https://www.accessdata.fda.gov/scripts/cdrh/cfdocs/cfpmn/pmn.cfm?ID=K183268,Traditional,2
09/04/2019,K191179,Myo Plus,Otto Bock Healthcare Products GmbH,Neurology,GXY,https://www.accessdata.fda.gov/scripts/cdrh/cfdocs/cfpmn/pmn.cfm?ID=K191179,Traditional,2
08/29/2019,K183489,D2P,"3D Systems, Inc.",Radiology,LLZ,https://www.accessdata.fda.gov/scripts/cdrh/cfdocs/cfpmn/pmn.cfm?ID=K183489,Traditional,2
08/29/2019,K192107,Clarius Ultrasound Scanner,Clarius Mobile Health Corp.,Radiology,IYN,https://www.accessdata.fda.gov/scripts/cdrh/cfdocs/cfpmn/pmn.cfm?ID=K192107,Abbreviated,2
08/15/2019,K183282,Biovitals Analytics Engine,Biofourmis Singapore Pte. Ltd,Cardiovascular,PLB,https://www.accessdata.fda.gov/scripts/cdrh/cfdocs/cfpmn/pmn.cfm?ID=K183282,Traditional,2
08/15/2019,K190925,HeartfFow FFRct Analysis,"HeartFlow, Inc.",Cardiovascular,PJA,https://www.accessdata.fda.gov/scripts/cdrh/cfdocs/cfpmn/pmn.cfm?ID=K190925,Traditional,2
08/12/2019,K183182,Critical Care Suite,"GE Medical Systems, LLC",Radiology,QFM,https://www.accessdata.fda.gov/scripts/cdrh/cfdocs/cfpmn/pmn.cfm?ID=K183182,Traditional,2
08/05/2019,K191262,ABSI,EXINI Diagnostics AB,Radiology,LLZ,https://www.accessdata.fda.gov/scripts/cdrh/cfdocs/cfpmn/pmn.cfm?ID=K191262,Traditional,2
07/26/2019,K182384,ACR | LAB Urine Analysis Test System,Healthy.Io Ltd,Clinical Chemistry,JFY,https://www.accessdata.fda.gov/scripts/cdrh/cfdocs/cfpmn/pmn.cfm?ID=K182384,Traditional,2
07/26/2019,K183271,AI-Rad Companion (Pulmonary),"Siemens Medical Solutions USA, Inc.",Radiology,JAK,https://www.accessdata.fda.gov/scripts/cdrh/cfdocs/cfpmn/pmn.cfm?ID=K183271,Traditional,2
07/19/2019,K182798,KIDScore D3,Vitrolife A/S,Obstetrics And Gynecology,PBH,https://www.accessdata.fda.gov/scripts/cdrh/cfdocs/cfpmn/pmn.cfm?ID=K182798,Traditional,2
07/12/2019,K191585,INtuition-Structural Heart Module,TeraRecon Inc.,Radiology,LLZ,https://www.accessdata.fda.gov/scripts/cdrh/cfdocs/cfpmn/pmn.cfm?ID=K191585,Traditional,2
07/10/2019,K182875,DeepCT,Deep01 Limited,Radiology,QAS,https://www.accessdata.fda.gov/scripts/cdrh/cfdocs/cfpmn/pmn.cfm?ID=K182875,Traditional,2
07/10/2019,K183322,PhysIQ Heart Rhythm and Respiratory Module,"PhysIQ, Inc",Cardiovascular,DPS,https://www.accessdata.fda.gov/scripts/cdrh/cfdocs/cfpmn/pmn.cfm?ID=K183322,Traditional,2
07/08/2019,K191384,RayCare 2.3,RaySearch Laboratories AB (Publ),Radiology,MUJ,https://www.accessdata.fda.gov/scripts/cdrh/cfdocs/cfpmn/pmn.cfm?ID=K191384,Traditional,2
07/05/19,K182901 ,Aquilion Precision (TSX-304A/1 And /2) V8.8 With AiCE,Canon Medical Systems Corporation,Radiology,JAK,https://www.accessdata.fda.gov/scripts/cdrh/cfdocs/cfpmn/pmn.cfm?ID=K182901 ,,
07/03/2019,K190442,Koios DS For Breast,"Koios Medical, Inc.",Radiology,POK,https://www.accessdata.fda.gov/scripts/cdrh/cfdocs/cfpmn/pmn.cfm?ID=K190442,Traditional,2
06/27/2019,K190017,Livermultiscan (LMSv3),Perspectum Diagnostics Ltd,Radiology,LNH,https://www.accessdata.fda.gov/scripts/cdrh/cfdocs/cfpmn/pmn.cfm?ID=K190017,Traditional,2
06/25/2019,K191194,CLARUS,"Carl Zeiss Meditec, Inc",Ophthalmic,QER,https://www.accessdata.fda.gov/scripts/cdrh/cfdocs/cfpmn/pmn.cfm?ID=K191194,Traditional,2
06/19/2019,K190387,Raystation,Raysearch Laboratories Ab (Publ),Radiology,MUJ,https://www.accessdata.fda.gov/scripts/cdrh/cfdocs/cfpmn/pmn.cfm?ID=K190387,Traditional,2
06/13/2019,K183460,ClariCT AI,ClariPI Inc.,Radiology,LLZ,https://www.accessdata.fda.gov/scripts/cdrh/cfdocs/cfpmn/pmn.cfm?ID=K183460,Traditional,2
06/13/2019,K190424,Healthich,Zebra Medical Vision Ltd.,Radiology,QAS,https://www.accessdata.fda.gov/scripts/cdrh/cfdocs/cfpmn/pmn.cfm?ID=K190424,Traditional,2
06/12/2019,K183046,Aquilion ONE (TSX-305A/6) V8.9 With AiCE,Canon Medical Systems Corporation,Radiology,JAK,https://www.accessdata.fda.gov/scripts/cdrh/cfdocs/cfpmn/pmn.cfm?ID=K183046,Traditional,2
05/31/2019,K190896,BriefCase,"Aidoc Medical, Ltd.",Radiology,QAS,https://www.accessdata.fda.gov/scripts/cdrh/cfdocs/cfpmn/pmn.cfm?ID=K190896,Traditional,2
05/24/2019,K191083,COMPLETE CONTROL System Gen2,"Coapt, LLC",Neurology,GXY,https://www.accessdata.fda.gov/scripts/cdrh/cfdocs/cfpmn/pmn.cfm?ID=K191083,Special,2
05/21/2019,K183646,"Acumen Hypotension Prediction Index - EV1000 Clinical Platform, Acumen Hypotension Prediction Index - Hemosphere Advanced Monitoring Platform, Acumen Hypotension Prediction Index, Hemosphere Advanced Monitoring Platform - Pressure","Edwards Lifeciences, LLC",Cardiovascular,QAQ,https://www.accessdata.fda.gov/scripts/cdrh/cfdocs/cfpmn/pmn.cfm?ID=K183646,Traditional,2
05/15/2019,K183648,APAS Independence with Urine Analysis Module,Clever Culture Systems AG,Microbiology,PPU,https://www.accessdata.fda.gov/scripts/cdrh/cfdocs/cfpmn/pmn.cfm?ID=K183648,Traditional,2
05/13/2019,K190764,SurgicalAR,"MEDIVIS, Inc.",Radiology,LLZ,https://www.accessdata.fda.gov/scripts/cdrh/cfdocs/cfpmn/pmn.cfm?ID=K190764,Traditional,2
05/06/2019,K190362,HealthPNX,Zebra Medical Vision Ltd.,Radiology,QFM,https://www.accessdata.fda.gov/scripts/cdrh/cfdocs/cfpmn/pmn.cfm?ID=K190362,Traditional,2
04/22/2019,K182513,FluChip-8G Influenza A+B Assay,"InDevR, Inc.",Microbiology,OZE,https://www.accessdata.fda.gov/scripts/cdrh/cfdocs/cfpmn/pmn.cfm?ID=K182513,Traditional,2
04/17/2019,K181988,EMurmur ID,CSD Labs GmbH,Cardiovascular,DQD,https://www.accessdata.fda.gov/scripts/cdrh/cfdocs/cfpmn/pmn.cfm?ID=K181988,Traditional,2
04/15/2019,K190072,Briefcase,"Aidoc Medical, Ltd.",Radiology,QAS,https://www.accessdata.fda.gov/scripts/cdrh/cfdocs/cfpmn/pmn.cfm?ID=K190072,Traditional,2
04/12/2019,K183202,Deep Learning Image Reconstruction,"GE Medical Systems, LLC",Radiology,JAK,https://www.accessdata.fda.gov/scripts/cdrh/cfdocs/cfpmn/pmn.cfm?ID=K183202,Traditional,2
04/08/2019,K183204,Bone VCAR (BVCAR),GE Medical Systems SCS,Radiology,JAK,https://www.accessdata.fda.gov/scripts/cdrh/cfdocs/cfpmn/pmn.cfm?ID=K183204,Traditional,2
03/29/2019,K181352,Loop System,"Spry Health, Inc.",Cardiovascular,DQA,https://www.accessdata.fda.gov/scripts/cdrh/cfdocs/cfpmn/pmn.cfm?ID=K181352,Traditional,2
03/19/2019,K183019,SIS Software Version 3.3.0,"Surgical Information Sciences, Inc.",Radiology,LLZ,https://www.accessdata.fda.gov/scripts/cdrh/cfdocs/cfpmn/pmn.cfm?ID=K183019,Traditional,2
03/11/2019,K181823,KardiaAI,"AliveCor, Inc.",Cardiovascular,DQK,https://www.accessdata.fda.gov/scripts/cdrh/cfdocs/cfpmn/pmn.cfm?ID=K181823,Traditional,2
03/08/2019,K183285,Cmtriage,"Curemetrix, Inc",Radiology,QFM,https://www.accessdata.fda.gov/scripts/cdrh/cfdocs/cfpmn/pmn.cfm?ID=K183285,Traditional,2
03/07/2019,K182344,RhythmAnalytics,Biofourmis Singapore Pte. Ltd.,Cardiovascular,DQK,https://www.accessdata.fda.gov/scripts/cdrh/cfdocs/cfpmn/pmn.cfm?ID=K182344,Traditional,2
02/16/2019,K183704,Rx-1 Rhythm Express Remote Cardiac Monitoring System,Vivaquant Inc.,Cardiovascular,DXH,https://www.accessdata.fda.gov/scripts/cdrh/cfdocs/cfpmn/pmn.cfm?ID=K183704,Traditional,2
02/04/2019,K181916,D-Nav System,"Hygieia, Inc",General Hospital,NDC,https://www.accessdata.fda.gov/scripts/cdrh/cfdocs/cfpmn/pmn.cfm?ID=K181916,Traditional,2
02/01/2019,K183272,AI Rad Companion (Engine),"Siemens Medical Solutions USA, Inc.",Radiology,LLZ,https://www.accessdata.fda.gov/scripts/cdrh/cfdocs/cfpmn/pmn.cfm?ID=K183272,Traditional,2
01/18/2019,K183231,SIGNA Premier,"GE Medical Systems, LLC",Radiology,LNH,https://www.accessdata.fda.gov/scripts/cdrh/cfdocs/cfpmn/pmn.cfm?ID=K183231,Traditional,2
01/17/2019,K182456,Study Watch,Verily Life Sciences Llc,Cardiovascular,DXH,https://www.accessdata.fda.gov/scripts/cdrh/cfdocs/cfpmn/pmn.cfm?ID=K182456,Traditional,2
01/09/2019,K183133,MRCP+ V1.0,Perspectum Diagnostics Ltd,Radiology,LLZ,https://www.accessdata.fda.gov/scripts/cdrh/cfdocs/cfpmn/pmn.cfm?ID=K183133,Traditional,2
12/28/2018,DEN170091,EyeBOX,"Oculogica, Inc.",Neurology,QEA,https://www.accessdata.fda.gov/scripts/cdrh/cfdocs/cfpmn/pmn.cfm?ID=DEN170091,Direct,2
12/28/2018,K180867,AmCAD-UO,AmCad BioMed Corporation,Radiology,LLZ,https://www.accessdata.fda.gov/scripts/cdrh/cfdocs/cfpmn/pmn.cfm?ID=K180867,Traditional,2
12/27/2018,K182130,ISchemaView RAPID,"ISchemaView, Inc.",Radiology,LLZ,https://www.accessdata.fda.gov/scripts/cdrh/cfdocs/cfpmn/pmn.cfm?ID=K182130,Traditional,2
12/27/2018,K182564,Quantib ND,Quantib BV,Radiology,LLZ,https://www.accessdata.fda.gov/scripts/cdrh/cfdocs/cfpmn/pmn.cfm?ID=K182564,Traditional,2
12/21/2018,K183012,VascuCAP,Elucid Bioimaging Inc.,Radiology,LLZ,https://www.accessdata.fda.gov/scripts/cdrh/cfdocs/cfpmn/pmn.cfm?ID=K183012,Traditional,2
12/20/2018,K181861,Embrace,Empatica Srl,Neurology,POS,https://www.accessdata.fda.gov/scripts/cdrh/cfdocs/cfpmn/pmn.cfm?ID=K181861,Traditional,2
12/19/2018,K182149,FFRangio System,CathWorks Ltd,Cardiovascular,QEK,https://www.accessdata.fda.gov/scripts/cdrh/cfdocs/cfpmn/pmn.cfm?ID=K182149,Traditional,2
12/14/2018,K182419,Centricity Universal Viewer,GE Healthcare,Radiology,LLZ,https://www.accessdata.fda.gov/scripts/cdrh/cfdocs/cfpmn/pmn.cfm?ID=K182419,Traditional,2
12/14/2018,K182790,Cardio-TriTest v6.5,Cardio-Phoenix Inc.,Cardiovascular,DPS,https://www.accessdata.fda.gov/scripts/cdrh/cfdocs/cfpmn/pmn.cfm?ID=K182790,Special,2
12/06/2018,K173749,AMRA Profiler,AMRA Medical AB,Radiology,LNH,https://www.accessdata.fda.gov/scripts/cdrh/cfdocs/cfpmn/pmn.cfm?ID=K173749,Traditional,2
12/06/2018,K182373,PowerLook Tomo Detection V2 Software,ICAD Inc.,Radiology,QDQ,https://www.accessdata.fda.gov/scripts/cdrh/cfdocs/cfpmn/pmn.cfm?ID=K182373,Traditional,2
11/30/2018,K182218,FerriSmart Analysis System ,Resonance Health Analysis Service Pty Ltd.,Radiology,PCS,https://www.accessdata.fda.gov/scripts/cdrh/cfdocs/cfpmn/pmn.cfm?ID=K182218,Traditional,2
11/30/2018,K182336,SubtlePET,"Subtle Medical, Inc.",Radiology,KPS,https://www.accessdata.fda.gov/scripts/cdrh/cfdocs/cfpmn/pmn.cfm?ID=K182336,Traditional,2
11/29/2018,K182181,Persyst 14 EEG Review And Analysis Software,Persyst Development Corporation,Neurology,OMB,https://www.accessdata.fda.gov/scripts/cdrh/cfdocs/cfpmn/pmn.cfm?ID=K182181,Traditional,2
11/21/2018,K181704,Transpara,Screenpoint Medical Bv,Radiology,QDQ,https://www.accessdata.fda.gov/scripts/cdrh/cfdocs/cfpmn/pmn.cfm?ID=K181704,Traditional,2
11/20/2018,K181247,Vitrea CT Brain Perfusion,"Vital Images, Inc.",Radiology,LLZ,https://www.accessdata.fda.gov/scripts/cdrh/cfdocs/cfpmn/pmn.cfm?ID=K181247,Traditional,2
11/19/2018,K180432,AI-ECG Platform,"Shenzhen Carewell Electronics., Ltd.",Cardiovascular,DQK,https://www.accessdata.fda.gov/scripts/cdrh/cfdocs/cfpmn/pmn.cfm?ID=K180432,Traditional,2
11/16/2018,K180343,"LensHooke X1 Pro Semen Quality Analyzer, LensHooke X1 Semen Quality Analyzer","Bonraybio Co., Ltd.",Hematology,POV,https://www.accessdata.fda.gov/scripts/cdrh/cfdocs/cfpmn/pmn.cfm?ID=K180343,Traditional,2
11/06/2018,K181939,icobrain,icometrix NV,Radiology,LLZ,https://www.accessdata.fda.gov/scripts/cdrh/cfdocs/cfpmn/pmn.cfm?ID=K181939,Traditional,2
11/02/2018,K182616,"NvisionVLE Imaging System, NvisionVLE Optical Probe, NvisionVLE Inflation System","NinePoint Medical, Inc.",General And Plastic Surgery,NQQ,https://www.accessdata.fda.gov/scripts/cdrh/cfdocs/cfpmn/pmn.cfm?ID=K182616,Traditional,2
10/26/2018,K182177,Accipiolx,MaxQ-Al Ltd.,Radiology,QAS,https://www.accessdata.fda.gov/scripts/cdrh/cfdocs/cfpmn/pmn.cfm?ID=K182177,Traditional,2
10/25/2018,K181685,"Vivid E80, Vivid E90, Vivid E95","GE Medical Systems Ultrasound and Primary Care Diagnostics, LLC",Radiology,IYN,https://www.accessdata.fda.gov/scripts/cdrh/cfdocs/cfpmn/pmn.cfm?ID=K181685,Traditional,2
10/17/2018,K182034,Arterys MICA,Arterys Inc.,Radiology,LLZ,https://www.accessdata.fda.gov/scripts/cdrh/cfdocs/cfpmn/pmn.cfm?ID=K182034,Traditional,2
10/09/2018,K181892,Ziostation2,"Ziosoft, Inc.",Radiology,LLZ,https://www.accessdata.fda.gov/scripts/cdrh/cfdocs/cfpmn/pmn.cfm?ID=K181892,Traditional,2
10/05/2018,K182112,Sense System with IBT Electrodes,"Infinite Biomedical Technologies, LLC",Neurology,GXY,https://www.accessdata.fda.gov/scripts/cdrh/cfdocs/cfpmn/pmn.cfm?ID=K182112,Traditional,2
09/28/2018,K173872,FibriCheck,Qompium NV,Cardiovascular,DXH,https://www.accessdata.fda.gov/scripts/cdrh/cfdocs/cfpmn/pmn.cfm?ID=K173872,Traditional,2
09/28/2018,K181771,RightEye Vision System,"RightEye, LLC",Ophthalmic,GWN,https://www.accessdata.fda.gov/scripts/cdrh/cfdocs/cfpmn/pmn.cfm?ID=K181771,Traditional,2
09/21/2018,K182310,Volpara Imaging Software,Volpara Health Technologies Limited,Radiology,LLZ,https://www.accessdata.fda.gov/scripts/cdrh/cfdocs/cfpmn/pmn.cfm?ID=K182310,Special,2
08/29/2018,K181502,"Zio AT ECG Monitoring System, Zeus System","IRhythm Technologies, Inc.",Cardiovascular,DQK,https://www.accessdata.fda.gov/scripts/cdrh/cfdocs/cfpmn/pmn.cfm?ID=K181502,Traditional,2
08/01/2018,K180647,BriefCase,"Aidoc Medical, Ltd.",Radiology,QAS,https://www.accessdata.fda.gov/scripts/cdrh/cfdocs/cfpmn/pmn.cfm?ID=K180647,Traditional,2
07/23/2018,K173444,Quantitative Total Extensible Imaging (QTxi),"AIQ Solutions, Inc.",Radiology,LLZ,https://www.accessdata.fda.gov/scripts/cdrh/cfdocs/cfpmn/pmn.cfm?ID=K173444,Traditional,2
07/18/2018,K173327,DIP/U.S. Urine Analysis Test System,Healthy.io Ltd,Clinical Chemistry,JIL,https://www.accessdata.fda.gov/scripts/cdrh/cfdocs/cfpmn/pmn.cfm?ID=K173327,Traditional,2
07/10/2018,K181572,Workflow Box,Mirada Medical Ltd.,Radiology,QKB,https://www.accessdata.fda.gov/scripts/cdrh/cfdocs/cfpmn/pmn.cfm?ID=K181572,Traditional,2
07/10/2018,K181574,Uscan,"EchoNous, Inc.",Radiology,IYO,https://www.accessdata.fda.gov/scripts/cdrh/cfdocs/cfpmn/pmn.cfm?ID=K181574,Traditional,2
06/29/2018,K180038,NuVasive Pulse System,"NuVasive, Incorporated",Orthopedic,OLO,https://www.accessdata.fda.gov/scripts/cdrh/cfdocs/cfpmn/pmn.cfm?ID=K180038,Traditional,2
06/26/2018,K173574,DenSeeMammo,STATLIFE,Radiology,LLZ,https://www.accessdata.fda.gov/scripts/cdrh/cfdocs/cfpmn/pmn.cfm?ID=K173574,Traditional,2
06/14/2018,K173780,EchoMD Automated Ejection Fraction Software,"Bay Labs, Inc.",Radiology,LLZ,https://www.accessdata.fda.gov/scripts/cdrh/cfdocs/cfpmn/pmn.cfm?ID=K173780,Traditional,2
06/13/2018,K172983,HealthCCS,Zebra Medical Vision Ltd.,Radiology,JAK,https://www.accessdata.fda.gov/scripts/cdrh/cfdocs/cfpmn/pmn.cfm?ID=K172983,Traditional,2
06/12/2018,DEN170043,DreaMed Advisor Pro,"DreaMed Diabetes, Ltd.",Clinical Chemistry,QCC,https://www.accessdata.fda.gov/scripts/cdrh/cfdocs/cfpmn/pmn.cfm?ID=DEN170043,Direct,2
06/05/2018,K173821,LungQ Software,Thirona Corporation,Radiology,JAK,https://www.accessdata.fda.gov/scripts/cdrh/cfdocs/cfpmn/pmn.cfm?ID=K173821,Traditional,2
05/25/2018,K180163,TransEnterix Senhance Surgical System ,"TransEnterix, Inc",General And Plastic Surgery,NAY,https://www.accessdata.fda.gov/scripts/cdrh/cfdocs/cfpmn/pmn.cfm?ID=K180163,Traditional,2
05/24/2018,DEN180005,OsteoDetect,"Imagen Technologies, Inc.",Radiology,QBS,https://www.accessdata.fda.gov/scripts/cdrh/cfdocs/cfpmn/pmn.cfm?ID=DEN180005,Direct,2
05/14/2018,K173810,Ventripoint Medical System Plus (VMS+),"Ventripoint Diagnostics, Ltd.",Radiology,IYN,https://www.accessdata.fda.gov/scripts/cdrh/cfdocs/cfpmn/pmn.cfm?ID=K173810,Traditional,2
05/14/2018,K180799,Clarius Ultrasound Scanner,Clarius Mobile Health Corp.,Radiology,IYN,https://www.accessdata.fda.gov/scripts/cdrh/cfdocs/cfpmn/pmn.cfm?ID=K180799,Traditional,2
05/02/2018,K180599,Venue,"GE Medical Systems Ultrasound and Primary Care Diagnostics, LLC",Radiology,IYN,https://www.accessdata.fda.gov/scripts/cdrh/cfdocs/cfpmn/pmn.cfm?ID=K180599,Traditional,2
05/01/2018,K172959,PeraServer and PeraTrend,"PeraHealth, Inc.",Cardiovascular,MWI,https://www.accessdata.fda.gov/scripts/cdrh/cfdocs/cfpmn/pmn.cfm?ID=K172959,Traditional,2
04/20/2018,K180161,Viz CTP,"Viz.ai, Inc.",Radiology,LLZ,https://www.accessdata.fda.gov/scripts/cdrh/cfdocs/cfpmn/pmn.cfm?ID=K180161,Traditional,2
04/16/2018,K180126,SOZO,ImpediMed Limited,Gastroenterology-Urology,OBH,https://www.accessdata.fda.gov/scripts/cdrh/cfdocs/cfpmn/pmn.cfm?ID=K180126,Traditional,2
04/11/2018,DEN180001,IDx-DR,"IDx, LLC",Ophthalmic,PIB,https://www.accessdata.fda.gov/scripts/cdrh/cfdocs/cfpmn/pmn.cfm?ID=DEN180001,Direct,2
04/05/2018,K180589,DR 800 With MUSICA Dynamic,Agfa HealthCare N.V.,Radiology,JAA,https://www.accessdata.fda.gov/scripts/cdrh/cfdocs/cfpmn/pmn.cfm?ID=K180589,Traditional,2
03/16/2018,DEN160044,Acumen Hypotension Prediction Index (HPI) Feature Software,Edwards Lifesciences LLC,Cardiovascular,QAQ,https://www.accessdata.fda.gov/scripts/cdrh/cfdocs/cfpmn/pmn.cfm?ID=DEN160044,Direct,2
03/09/2018,K173939,Quantib Brain,Quantib BV,Radiology,LLZ,https://www.accessdata.fda.gov/scripts/cdrh/cfdocs/cfpmn/pmn.cfm?ID=K173939,Traditional,2
03/08/2018,K173605,IQMR,Medic Vision - Imaging Solutions Ltd,Radiology,LLZ,https://www.accessdata.fda.gov/scripts/cdrh/cfdocs/cfpmn/pmn.cfm?ID=K173605,Traditional,2
02/23/2018,K170540,DM-Density,"Densitas, Inc.",Radiology,LLZ,https://www.accessdata.fda.gov/scripts/cdrh/cfdocs/cfpmn/pmn.cfm?ID=K170540,Traditional,2
02/13/2018,DEN170073,ContaCT,"Viz.Al, Inc.",Radiology,QAS,https://www.accessdata.fda.gov/scripts/cdrh/cfdocs/cfpmn/pmn.cfm?ID=DEN170073,Direct,2
02/08/2018,K180091,UNID Spine Analyzer,Medicrea International,Radiology,LLZ,https://www.accessdata.fda.gov/scripts/cdrh/cfdocs/cfpmn/pmn.cfm?ID=K180091,Special,2
01/25/2018,K173542,Arterys Oncology Dl,Arterys Inc.,Radiology,LLZ,https://www.accessdata.fda.gov/scripts/cdrh/cfdocs/cfpmn/pmn.cfm?ID=K173542,Traditional,2
01/12/2018,K173588,Illumeo System,"Philips Medical Systems Technologies, Ltd",Radiology,LLZ,https://www.accessdata.fda.gov/scripts/cdrh/cfdocs/cfpmn/pmn.cfm?ID=K173588,Special,2
01/11/2018,K171122,CEREC Ortho Software,Dentsply Sirona,Dental,PNN,https://www.accessdata.fda.gov/scripts/cdrh/cfdocs/cfpmn/pmn.cfm?ID=K171122,Traditional,2
01/08/2018,K171328,CNeuro CMRI,Combinostics Oy,Radiology,LLZ,https://www.accessdata.fda.gov/scripts/cdrh/cfdocs/cfpmn/pmn.cfm?ID=K171328,Traditional,2
01/04/2018,K171056,WAVE Clinical Platform,"Excel Medical Electronics, LLC",Cardiovascular,MWI,https://www.accessdata.fda.gov/scripts/cdrh/cfdocs/cfpmn/pmn.cfm?ID=K171056,Traditional,2
12/27/2017,K173420,Radiomics App V1.0,Microsoft Corp.,Radiology,LLZ,https://www.accessdata.fda.gov/scripts/cdrh/cfdocs/cfpmn/pmn.cfm?ID=K173420,Traditional,2
12/22/2017,K172507,SOZO,ImpediMed Limited,Cardiovascular,DSB,https://www.accessdata.fda.gov/scripts/cdrh/cfdocs/cfpmn/pmn.cfm?ID=K172507,Traditional,2
11/07/2017,K163694,"Rooti Rx ECG Event Recorder, Rooti Link APP Software",Rooti Labs Ltd.,Cardiovascular,DRG,https://www.accessdata.fda.gov/scripts/cdrh/cfdocs/cfpmn/pmn.cfm?ID=K163694,Traditional,2
10/27/2017,K172803,Infinitt PACS 7.0,"Infinitt Healthcare Co.,Ltd.",Radiology,LLZ,https://www.accessdata.fda.gov/scripts/cdrh/cfdocs/cfpmn/pmn.cfm?ID=K172803,Traditional,2
10/20/2017,K163623,Quantra,"Hologic, Inc.",Radiology,LLZ,https://www.accessdata.fda.gov/scripts/cdrh/cfdocs/cfpmn/pmn.cfm?ID=K163623,Traditional,2
09/27/2017,K171936,Peerbridge Cor(TM) System,Peerbridge Health Inc.,Cardiovascular,DSH,https://www.accessdata.fda.gov/scripts/cdrh/cfdocs/cfpmn/pmn.cfm?ID=K171936,Traditional,2
09/15/2017,K172356,BladderScan Prime PLUS System,Verathon Incorporated,Radiology,IYO,https://www.accessdata.fda.gov/scripts/cdrh/cfdocs/cfpmn/pmn.cfm?ID=K172356,Traditional,2
09/14/2017,K172385,Clarius Ultrasound System,Clarius Mobile Health Corp.,Radiology,IYN,https://www.accessdata.fda.gov/scripts/cdrh/cfdocs/cfpmn/pmn.cfm?ID=K172385,Abbreviated,2
09/07/2017,K170981,NeuroQuant,"CorTechs Labs, Inc",Radiology,LLZ,https://www.accessdata.fda.gov/scripts/cdrh/cfdocs/cfpmn/pmn.cfm?ID=K170981,Traditional,2
08/17/2017,K163339,SpectralMD DeepView Wound Imaging System 2.0 ,"SpectralMD, Inc.",Cardiovascular,DPT,https://www.accessdata.fda.gov/scripts/cdrh/cfdocs/cfpmn/pmn.cfm?ID=K163339,Traditional,2
08/11/2017,K172122,SOZO,ImpediMed Limited,Gastroenterology-Urology,OBH,https://www.accessdata.fda.gov/scripts/cdrh/cfdocs/cfpmn/pmn.cfm?ID=K172122,Special,2
08/01/2017,K171315,Advanced RBC Application,Cella Vision AB,Hematology,JOY,https://www.accessdata.fda.gov/scripts/cdrh/cfdocs/cfpmn/pmn.cfm?ID=K171315,Traditional,2
07/19/2017,DEN170022,QuantX,"Quantitative Insights, Inc",Radiology,POK,https://www.accessdata.fda.gov/scripts/cdrh/cfdocs/cfpmn/pmn.cfm?ID=DEN170022,Direct,2
06/26/2017,K170568,CardioLogs ECG Analysis Platform,Cardiologs Technologies,Cardiovascular,DPS,https://www.accessdata.fda.gov/scripts/cdrh/cfdocs/cfpmn/pmn.cfm?ID=K170568,Traditional,2
06/09/2017,K170747,Syngo Application Software,"Siemens Medical Solutions, USA, Inc.",Radiology,LLZ,https://www.accessdata.fda.gov/scripts/cdrh/cfdocs/cfpmn/pmn.cfm?ID=K170747,Traditional,2
06/07/2017,K170250,SmartTarget,"SmarTarget, Ltd.",Radiology,LLZ,https://www.accessdata.fda.gov/scripts/cdrh/cfdocs/cfpmn/pmn.cfm?ID=K170250,Traditional,2
05/24/2017,K170172,UNiD Spine Analyzer,Medicrea International,Radiology,LLZ,https://www.accessdata.fda.gov/scripts/cdrh/cfdocs/cfpmn/pmn.cfm?ID=K170172,Traditional,2
05/11/2017,K163622,Lung Vision,Body Vision Medical Ltd.,Radiology,LLZ,https://www.accessdata.fda.gov/scripts/cdrh/cfdocs/cfpmn/pmn.cfm?ID=K163622,Traditional,2
05/05/2017,K163665,MATRx Plus,Zephyr Sleep Technologies,Anesthesiology,MNR,https://www.accessdata.fda.gov/scripts/cdrh/cfdocs/cfpmn/pmn.cfm?ID=K163665,Traditional,2
04/26/2017,K170069,AmCAD-UV,AmCad BioMed Corporation,Radiology,LLZ,https://www.accessdata.fda.gov/scripts/cdrh/cfdocs/cfpmn/pmn.cfm?ID=K170069,Traditional,2
04/06/2017,DEN160026,23andMe Personal Genome Service (PGS) Genetic Health Risk Test for Hereditary Thrombophilia,"23andMe, Inc.",Hematology,PTA,https://www.accessdata.fda.gov/scripts/cdrh/cfdocs/cfpmn/pmn.cfm?ID=DEN160026,Direct,2
03/31/2017,K162627,EnsoSleep,"EnsoData, Inc.",Neurology,OLZ,https://www.accessdata.fda.gov/scripts/cdrh/cfdocs/cfpmn/pmn.cfm?ID=K162627,Traditional,2
02/23/2017,K162855,Reveal LINQ,"Medtronic, Inc.",Cardiovascular,MXD,https://www.accessdata.fda.gov/scripts/cdrh/cfdocs/cfpmn/pmn.cfm?ID=K162855,Traditional,2
02/14/2017,K162830,SIS Software,"Surgical Information Sciences, Inc.",Radiology,LLZ,https://www.accessdata.fda.gov/scripts/cdrh/cfdocs/cfpmn/pmn.cfm?ID=K162830,Traditional,2
01/06/2017,K163013,Quantib Brain 1.2,Quantib BV,Radiology,LLZ,https://www.accessdata.fda.gov/scripts/cdrh/cfdocs/cfpmn/pmn.cfm?ID=K163013,Special,2
01/05/2017,K163253,Arterys Cardio DL,Arterys Inc.,Radiology,LLZ,https://www.accessdata.fda.gov/scripts/cdrh/cfdocs/cfpmn/pmn.cfm?ID=K163253,Traditional,2
12/28/2016,K161959,ClearView CCAD,ClearView Diagnostics Inc.,Radiology,LLZ,https://www.accessdata.fda.gov/scripts/cdrh/cfdocs/cfpmn/pmn.cfm?ID=K161959,Traditional,2
12/07/2016,K161322,CT CoPilot,"Zepmed, LLC",Radiology,LLZ,https://www.accessdata.fda.gov/scripts/cdrh/cfdocs/cfpmn/pmn.cfm?ID=K161322,Traditional,2
11/30/2016,K161834,One Drop Blood Glucose Monitoring System,AgaMatrix Inc.,Clinical Chemistry,NBW,https://www.accessdata.fda.gov/scripts/cdrh/cfdocs/cfpmn/pmn.cfm?ID=K161834,Special,2
11/30/2016,K163138,Clarius Ultrasound System,Clarius Mobile Health Corp.,Radiology,IYN,https://www.accessdata.fda.gov/scripts/cdrh/cfdocs/cfpmn/pmn.cfm?ID=K163138,Abbreviated,2
11/09/2016,P150043,QVCAD System,"QView Medical, Inc.",Radiology,MYN,https://www.accessdata.fda.gov/scripts/cdrh/cfdocs/cfpmn/pmn.cfm?ID=P150043,,
10/19/2016,K160401,Tyto Stethoscope,Tyto Care Ltd.,Cardiovascular,DQD,https://www.accessdata.fda.gov/scripts/cdrh/cfdocs/cfpmn/pmn.cfm?ID=K160401,Traditional,2
09/22/2016,K161068,Ahead 300,Brainscope Company Inc.,Neurology,PIW,https://www.accessdata.fda.gov/scripts/cdrh/cfdocs/cfpmn/pmn.cfm?ID=K161068,Traditional,2
09/19/2016,K161625,PixelShine,AlgoMedica,Radiology,LLZ,https://www.accessdata.fda.gov/scripts/cdrh/cfdocs/cfpmn/pmn.cfm?ID=K161625,Traditional,2
09/09/2016,K161201,ClearRead CT,"Riverain Technologies, LLC",Radiology,OEB,https://www.accessdata.fda.gov/scripts/cdrh/cfdocs/cfpmn/pmn.cfm?ID=K161201,Traditional,2
08/09/2016,K161148,Icobrain,Icometrix,Radiology,LLZ,https://www.accessdata.fda.gov/scripts/cdrh/cfdocs/cfpmn/pmn.cfm?ID=K161148,Traditional,2
08/05/2016,K160338,Triton System,Gauss Surgical Inc.,General And Plastic Surgery,PBZ,https://www.accessdata.fda.gov/scripts/cdrh/cfdocs/cfpmn/pmn.cfm?ID=K160338,Traditional,2
07/28/2016,K161382,LVivo Software Application,"DiACardio, Ltd.",Radiology,LLZ,https://www.accessdata.fda.gov/scripts/cdrh/cfdocs/cfpmn/pmn.cfm?ID=K161382,Traditional,2
07/15/2016,K160016,Steth IO,"Stratoscientific, Inc.",Cardiovascular,DQD,https://www.accessdata.fda.gov/scripts/cdrh/cfdocs/cfpmn/pmn.cfm?ID=K160016,Traditional,2
07/07/2016,K160088,Cydar EV,Cydar Ltd.,Radiology,OWB,https://www.accessdata.fda.gov/scripts/cdrh/cfdocs/cfpmn/pmn.cfm?ID=K160088,Traditional,2
06/17/2016,K153351,Quantib Brain 1,Quantib BV,Radiology,LLZ,https://www.accessdata.fda.gov/scripts/cdrh/cfdocs/cfpmn/pmn.cfm?ID=K153351,Traditional,2
01/07/2016,K153427,Volpara Imaging Software,Matakina Technology Ltd.,Radiology,LLZ,https://www.accessdata.fda.gov/scripts/cdrh/cfdocs/cfpmn/pmn.cfm?ID=K153427,Traditional,2
12/21/2015,K150817,Dario Blood Glucose Monitoring System,LabStyle Innovations Ltd.,Clinical Chemistry,NBW,https://www.accessdata.fda.gov/scripts/cdrh/cfdocs/cfpmn/pmn.cfm?ID=K150817,Traditional,2
11/05/2015,K150102,SnoreSounds,Appian Medical Inc.,Anesthesiology,MNR,https://www.accessdata.fda.gov/scripts/cdrh/cfdocs/cfpmn/pmn.cfm?ID=K150102,Traditional,2
06/11/2015,K142512,Personalized Physiology Analytics Engine Software,"VGBio, Inc. (DBA PhysIQ)",Cardiovascular,PLB,https://www.accessdata.fda.gov/scripts/cdrh/cfdocs/cfpmn/pmn.cfm?ID=K142512,Traditional,2
04/24/2015,K142918,EndoTool SubQ,Monarch Medical Technologies,General Hospital,NDC,https://www.accessdata.fda.gov/scripts/cdrh/cfdocs/cfpmn/pmn.cfm?ID=K142918,Traditional,2
02/27/2015,K141922, IRIS Intelligent Retinal Imaging System,"IRIS Intelligent Retinal Imaging Systems, LLC ",Ophthalmic,NFJ,https://www.accessdata.fda.gov/scripts/cdrh/cfdocs/cfpmn/pmn.cfm?ID=K141922,Traditional,2
11/17/2014,DEN140025,BrainScope Ahead 100,"BrainScope Company, Inc.",Neurology,PIW,https://www.accessdata.fda.gov/scripts/cdrh/cfdocs/cfpmn/pmn.cfm?ID=DEN140025,Direct,2
10/10/2014,K142037,Quantra,"Hologic, Inc.",Radiology,LLZ,https://www.accessdata.fda.gov/scripts/cdrh/cfdocs/cfpmn/pmn.cfm?ID=K142037,Traditional,2
09/17/2014,K141069,Lung Density Analysis,Imbio LLC,Radiology,JAK,https://www.accessdata.fda.gov/scripts/cdrh/cfdocs/cfpmn/pmn.cfm?ID=K141069,Traditional,2
08/22/2014,K141480,CVI42,Circle Cardiovascular Imaging Inc,Radiology,LLZ,https://www.accessdata.fda.gov/scripts/cdrh/cfdocs/cfpmn/pmn.cfm?ID=K141480,Traditional,2
04/22/2014,K133649,Hepatic VCAR,GE Medical Systems SCS,Radiology,JAK,https://www.accessdata.fda.gov/scripts/cdrh/cfdocs/cfpmn/pmn.cfm?ID=K133649,Traditional,2
01/24/2014,K133259,Ysio Max,"Siemens Medical Solutions USA, Inc.",Radiology,KPR,https://www.accessdata.fda.gov/scripts/cdrh/cfdocs/cfpmn/pmn.cfm?ID=K133259,Special,2
11/21/2013,K130831,MALDI Biotyper CA (MBT-CA) System,"Bruker Daltonics, Inc.",Microbiology,PEX,https://www.accessdata.fda.gov/scripts/cdrh/cfdocs/cfpmn/pmn.cfm?ID=K130831,Traditional,2
08/21/2013,DEN130013,Vitek MS,"Biomerieux, Inc.",Microbiology,PEX,https://www.accessdata.fda.gov/scripts/cdrh/cfdocs/cfpmn/pmn.cfm?ID=DEN130013,Direct,2
03/22/2013,K120771,UniCel DxH 800 Coulter Cellular Analysis System,"Beckman Coulter, Inc.",Hematology,GKZ,https://www.accessdata.fda.gov/scripts/cdrh/cfdocs/cfpmn/pmn.cfm?ID=K120771,Abbreviated,2
12/27/2012,K123526,ClearRead +Confirm,Riverain Technologies,Radiology,LLZ,https://www.accessdata.fda.gov/scripts/cdrh/cfdocs/cfpmn/pmn.cfm?ID=K123526,Traditional,2
05/17/2012,K120489,Tissue of Origin Test Kit FFPE,"Pathwork Diagnostics, Inc.",Pathology,OIW,https://www.accessdata.fda.gov/scripts/cdrh/cfdocs/cfpmn/pmn.cfm?ID=K120489,Traditional,2
04/13/2012,K120161,AlphaPoint Imaging Software,"RadLogics, Inc.",Radiology,LLZ,https://www.accessdata.fda.gov/scripts/cdrh/cfdocs/cfpmn/pmn.cfm?ID=K120161,Traditional,2
12/28/2011,K111776,DeltaView Model 2.1,"Riverain Medical Group,Llc",Radiology,LLZ,https://www.accessdata.fda.gov/scripts/cdrh/cfdocs/cfpmn/pmn.cfm?ID=K111776,Traditional,2
05/12/2010,K092116,EasyCell,Medica Corporation,Hematology,JOY,https://www.accessdata.fda.gov/scripts/cdrh/cfdocs/cfpmn/pmn.cfm?ID=K092116,Traditional,2
12/05/2008,K080595,CellaVision DM96 with the body fluid application,Cella Vision AB,Hematology,JOY,https://www.accessdata.fda.gov/scripts/cdrh/cfdocs/cfpmn/pmn.cfm?ID=K080595,Traditional,2
09/12/2008,K082483,Quantra,"Hologic, Inc.",Radiology,LLZ,https://www.accessdata.fda.gov/scripts/cdrh/cfdocs/cfpmn/pmn.cfm?ID=K082483,Traditional,2
07/17/2008,K081140,Visensia,OBS Medical,Cardiovascular,MHX,https://www.accessdata.fda.gov/scripts/cdrh/cfdocs/cfpmn/pmn.cfm?ID=K081140,Traditional,2
05/15/2008,K080762,"IB Neuro, Version 1.0","Imaging Biometrics, LLC",Radiology,LNH,https://www.accessdata.fda.gov/scripts/cdrh/cfdocs/cfpmn/pmn.cfm?ID=K080762,Traditional,2
02/10/2004,K033840,CellaVision DM96 Automatic Hematology Analyzer,Cella Vision AB,Hematology,JOY,https://www.accessdata.fda.gov/scripts/cdrh/cfdocs/cfpmn/pmn.cfm?ID=K033840,Traditional,2
03/15/2001,K003301,DiffMaster Octavia Automatic Hematology Analyzer,CellaVision AB,Hematology,JOY,https://www.accessdata.fda.gov/scripts/cdrh/cfdocs/cfpmn/pmn.cfm?ID=K003301,Traditional,2
03/11/1997,K955841,Compumedics Sleep Monitoring System,Computmedics Sleep Pty. Ltd.,Anesthesiology,MNR,https://www.accessdata.fda.gov/scripts/cdrh/cfdocs/cfpmn/pmn.cfm?ID=K955841,Traditional,2
09/16/2011,K102778,CellaVision® DM1200 with the body fluid application,CellaVision AB,Hematology,JOY,https://www.accessdata.fda.gov/scripts/cdrh/cfdocs/cfpmn/pmn.cfm?ID=K102778,Traditional,2
